Brand,Model_Year,Fuel_Type,Transmission,Mileage,Engine_Size,Price
Hyundai,2010.0,Petrol,Automatic,140958.0,,8804.0
BMW,2017.0,Diesel,Manual,116249.0,,31603.0
Kia,2021.0,Hybrid,Manual,12485.0,3.2,29934.0
Mercedes,2020.0,Petrol,Automatic,117701.0,4.5,41655.0
Hyundai,2021.0,Diesel,Manual,107638.0,2.5,23736.0
Chevrolet,2021.0,Diesel,Automatic,17226.0,3.5,30528.0
Ford,2013.0,Electric,Automatic,98405.0,3.1,22989.0
Hyundai,2013.0,Petrol,Manual,27588.0,2.3,16910.0
Kia,,Electric,Manual,42019.0,2.9,23012.0
Mercedes,2017.0,Hybrid,Automatic,70133.0,3.0,40277.0
BMW,2014.0,Petrol,Manual,119444.0,1.8,24346.0
Kia,2017.0,Petrol,Automatic,122603.0,2.3,19829.0
Kia,2019.0,Hybrid,Automatic,133585.0,4.2,24553.0
Ford,2010.0,Petrol,Automatic,48395.0,4.7,21196.0
Audi,2021.0,Hybrid,Automatic,130814.0,2.4,38640.0
Mercedes,2019.0,Diesel,Automatic,117599.0,2.2,37250.0
Honda,2018.0,Petrol,Automatic,30939.0,1.8,25738.0
Kia,2015.0,Hybrid,Manual,5203.0,3.7,28120.0
Audi,2012.0,Diesel,Manual,34063.0,2.3,24465.0
Honda,2022.0,Diesel,Automatic,95880.0,5.0,37508.0
Mercedes,2023.0,Petrol,Automatic,8748.0,2.3,38554.0
Toyota,2017.0,Diesel,Automatic,122269.0,2.6,23633.0
Chevrolet,2018.0,Petrol,Automatic,85764.0,3.4,25766.0
Audi,2015.0,Petrol,Automatic,113036.0,4.2,28384.0
Nissan,2020.0,Hybrid,Automatic,121525.0,2.9,26585.0
Toyota,2016.0,Petrol,Automatic,90679.0,2.7,21821.0
Chevrolet,2010.0,Diesel,Manual,130829.0,5.0,18300.0
Ford,2023.0,Petrol,Automatic,133216.0,1.0,23972.0
Hyundai,2014.0,Electric,Manual,138175.0,4.6,22959.0
BMW,2014.0,Petrol,Automatic,70901.0,1.6,27758.0
Nissan,2019.0,Hybrid,Automatic,103046.0,4.1,30921.0
Ford,2023.0,Diesel,Automatic,95012.0,3.5,30177.0
Mercedes,2013.0,Petrol,Manual,83278.0,2.4,26159.0
Ford,2015.0,Petrol,Manual,17391.0,4.5,27149.0
Hyundai,2016.0,Petrol,Automatic,107476.0,1.1,15752.0
Mercedes,2018.0,Diesel,Manual,125721.0,1.9,27926.0
Nissan,2010.0,Petrol,Automatic,102537.0,3.3,14316.0
Hyundai,2015.0,Electric,Manual,,2.4,19604.0
Honda,2016.0,Diesel,Manual,136040.0,3.4,23275.0
BMW,2012.0,Petrol,Manual,40503.0,1.1,23419.0
Nissan,2017.0,Diesel,Automatic,80403.0,1.5,22491.0
Honda,2014.0,Electric,Automatic,69286.0,1.5,23496.0
Chevrolet,2018.0,Petrol,Manual,79842.0,1.8,18769.0
Nissan,2014.0,Petrol,Manual,109927.0,2.8,16411.0
Chevrolet,2018.0,Petrol,Automatic,19908.0,4.0,30063.0
Mercedes,2019.0,Electric,Manual,42228.0,4.6,46874.0
Honda,2013.0,Diesel,Automatic,28386.0,4.3,29913.0
BMW,2018.0,Diesel,Automatic,33302.0,1.8,37213.0
Hyundai,2014.0,Electric,Manual,65815.0,2.8,22365.0
Kia,2019.0,Electric,Manual,68344.0,1.8,24532.0
Ford,2018.0,Diesel,Automatic,116603.0,2.1,23905.0
Toyota,2012.0,Hybrid,Automatic,66114.0,3.0,24954.0
BMW,2013.0,Petrol,Automatic,30525.0,1.3,25062.0
Honda,2018.0,Petrol,Manual,84818.0,1.9,21958.0
Kia,2019.0,Petrol,Automatic,119589.0,4.7,25963.0
BMW,2020.0,Petrol,,99715.0,2.9,33790.0
Honda,2015.0,Diesel,Automatic,11644.0,2.8,25774.0
Audi,2011.0,Hybrid,Automatic,106154.0,1.1,26141.0
Audi,,Petrol,Manual,48469.0,2.0,30036.0
Chevrolet,2011.0,Petrol,Manual,111609.0,4.5,15662.0
,2020.0,Diesel,Manual,70206.0,1.7,35958.0
Audi,2011.0,Hybrid,Manual,101462.0,,23230.0
Honda,2020.0,,,88178.0,1.1,20083.0
Chevrolet,2010.0,Diesel,Manual,91724.0,2.9,13460.0
Honda,2020.0,Petrol,Automatic,101393.0,1.1,20857.0
Chevrolet,2020.0,Petrol,Automatic,132314.0,4.3,27123.0
BMW,2021.0,Hybrid,Manual,81312.0,4.3,37552.0
Kia,2020.0,Hybrid,Automatic,80324.0,4.2,28156.0
Hyundai,2012.0,Petrol,Manual,76196.0,2.1,
Nissan,2015.0,Hybrid,Automatic,75014.0,4.3,25760.0
Kia,2017.0,Diesel,Manual,144282.0,3.2,17192.0
Mercedes,2018.0,Hybrid,Automatic,146994.0,2.5,37096.0
Honda,2016.0,Diesel,Automatic,38340.0,3.5,26325.0
Mercedes,2013.0,Diesel,Automatic,44850.0,1.0,32622.0
Kia,2015.0,Diesel,Automatic,118711.0,1.6,17147.0
Chevrolet,2014.0,Diesel,Manual,16094.0,4.0,22134.0
Nissan,2017.0,Petrol,Automatic,92959.0,2.0,22152.0
Nissan,2010.0,Petrol,Manual,10741.0,3.4,17290.0
Toyota,2010.0,Petrol,Manual,116585.0,2.5,12722.0
Nissan,2022.0,Electric,Manual,127564.0,4.4,28186.0
Hyundai,2020.0,Petrol,Automatic,73798.0,4.8,28336.0
Nissan,2015.0,Diesel,Manual,121026.0,4.5,22117.0
Kia,2019.0,Hybrid,Automatic,115130.0,2.1,23902.0
Toyota,2021.0,Petrol,Automatic,27164.0,,28052.0
Kia,2011.0,,Automatic,35257.0,2.9,19674.0
Kia,2014.0,Diesel,Automatic,100989.0,1.0,13885.0
Ford,2010.0,Hybrid,Automatic,141304.0,1.1,12753.0
Toyota,2016.0,Petrol,Manual,57691.0,3.2,22511.0
Kia,2010.0,Diesel,Manual,84768.0,3.1,13468.0
Ford,2013.0,Electric,Manual,19026.0,5.0,26914.0
Ford,2018.0,Hybrid,Manual,35908.0,1.8,23593.0
Toyota,2010.0,Diesel,Manual,24610.0,2.0,18492.0
Mercedes,2013.0,Diesel,Manual,,1.5,29579.0
Chevrolet,2015.0,Diesel,Automatic,77567.0,4.7,23125.0
Hyundai,2015.0,Hybrid,Automatic,41182.0,4.1,28332.0
Chevrolet,2021.0,Diesel,Manual,121136.0,4.3,27696.0
Nissan,2022.0,Petrol,Automatic,136642.0,4.6,30669.0
Hyundai,2017.0,Hybrid,Manual,24288.0,3.1,25164.0
Nissan,2010.0,Diesel,Automatic,83824.0,2.8,16832.0
Kia,2016.0,Diesel,Automatic,89425.0,2.3,21691.0
Honda,2010.0,Petrol,Automatic,5917.0,3.4,22966.0
Toyota,2022.0,Diesel,Automatic,80602.0,2.8,30208.0
Hyundai,2023.0,,Automatic,69575.0,2.8,26407.0
Hyundai,2016.0,Diesel,Automatic,77518.0,4.7,25003.0
Kia,2012.0,Petrol,Automatic,44104.0,4.9,
,2020.0,Diesel,Automatic,21999.0,4.2,46984.0
Ford,2017.0,Hybrid,Automatic,146013.0,4.0,
Kia,2012.0,Petrol,Manual,66169.0,3.7,17840.0
Audi,2023.0,Hybrid,Manual,134744.0,1.7,33941.0
Ford,2023.0,Diesel,,115684.0,1.2,23790.0
Toyota,2022.0,Hybrid,Automatic,64821.0,3.8,
,2010.0,Electric,Automatic,140601.0,3.9,20493.0
Mercedes,,Diesel,Manual,17192.0,1.2,37253.0
Ford,2022.0,Electric,Automatic,79102.0,4.7,38663.0
Toyota,2023.0,Hybrid,Automatic,119894.0,1.4,26757.0
Mercedes,2017.0,Diesel,Automatic,91795.0,2.1,32085.0
Chevrolet,2012.0,Petrol,Automatic,71677.0,3.7,18308.0
Hyundai,2011.0,Diesel,Automatic,,1.7,11171.0
Hyundai,2010.0,Electric,Manual,139327.0,1.2,10577.0
Nissan,2023.0,Electric,Automatic,141285.0,2.3,26683.0
,2012.0,Electric,Manual,107412.0,4.1,21900.0
Chevrolet,2011.0,Diesel,Automatic,24404.0,2.7,18469.0
Ford,2011.0,Electric,Manual,121545.0,3.6,19725.0
Hyundai,2015.0,Petrol,Automatic,28989.0,3.3,21410.0
Toyota,2021.0,Diesel,Automatic,113106.0,1.1,27101.0
BMW,2010.0,Petrol,Manual,29519.0,5.0,31162.0
BMW,2011.0,Petrol,Automatic,27439.0,1.2,23123.0
Mercedes,2023.0,Petrol,Automatic,123570.0,4.9,44028.0
Hyundai,2015.0,Petrol,Automatic,19995.0,3.2,23855.0
Hyundai,2012.0,Diesel,Automatic,28559.0,4.9,26501.0
BMW,2013.0,Petrol,Automatic,94049.0,1.5,25035.0
Hyundai,2010.0,Diesel,Manual,141093.0,3.0,12615.0
,2017.0,Petrol,Manual,103000.0,1.7,19110.0
Audi,2022.0,Petrol,Manual,44350.0,1.2,31523.0
Honda,2016.0,Petrol,Automatic,30517.0,3.5,24516.0
Chevrolet,2016.0,Petrol,Manual,94132.0,1.8,18196.0
Nissan,2012.0,Diesel,Automatic,64546.0,3.4,20661.0
Mercedes,2019.0,Diesel,Automatic,110686.0,1.4,33959.0
Audi,2019.0,Diesel,Automatic,93151.0,2.3,29929.0
BMW,2012.0,Diesel,Automatic,8327.0,4.1,35715.0
Chevrolet,2023.0,Petrol,Automatic,125318.0,2.7,28005.0
Hyundai,2011.0,Hybrid,Automatic,120945.0,3.5,17219.0
Nissan,2021.0,Diesel,Automatic,51830.0,3.6,30548.0
Hyundai,2010.0,Diesel,Automatic,57446.0,4.4,21427.0
Toyota,2016.0,Petrol,Automatic,145148.0,2.3,20295.0
Toyota,2016.0,Petrol,Automatic,,3.7,25013.0
Nissan,2021.0,Petrol,Manual,36085.0,4.8,30417.0
Nissan,2011.0,Petrol,Manual,60571.0,3.9,20225.0
BMW,2016.0,Diesel,Automatic,133308.0,3.0,32432.0
Nissan,2022.0,Diesel,Automatic,10750.0,3.5,31460.0
Ford,2017.0,Diesel,Automatic,118931.0,4.0,22521.0
,2010.0,Electric,Automatic,83768.0,3.4,19949.0
Audi,2018.0,Electric,Manual,40903.0,1.1,32181.0
Kia,2016.0,Electric,Automatic,96036.0,1.8,20136.0
Nissan,2012.0,Hybrid,Automatic,92954.0,4.2,24482.0
Mercedes,2017.0,Petrol,Automatic,88014.0,2.1,29373.0
Toyota,2016.0,Petrol,Automatic,122305.0,3.9,24444.0
Ford,2020.0,Petrol,Automatic,,2.5,26069.0
Chevrolet,2022.0,Diesel,Manual,7775.0,3.1,32756.0
Kia,2017.0,Hybrid,Automatic,116497.0,1.3,19736.0
Audi,2015.0,Petrol,Automatic,50619.0,1.7,25168.0
Kia,2018.0,Hybrid,Automatic,62124.0,4.8,29668.0
Nissan,2014.0,Petrol,Automatic,70149.0,4.6,22146.0
BMW,2012.0,,Manual,31616.0,3.6,35706.0
Toyota,2012.0,Petrol,Manual,66799.0,2.8,19886.0
Toyota,2010.0,Petrol,Manual,95221.0,3.7,16613.0
Chevrolet,2021.0,Diesel,Automatic,119879.0,3.5,26435.0
BMW,2017.0,Petrol,Manual,30479.0,3.3,32135.0
Hyundai,2011.0,Petrol,Manual,104165.0,1.2,10751.0
Honda,,Petrol,Automatic,60863.0,3.5,21093.0
Ford,2017.0,Electric,Manual,87569.0,4.1,26217.0
Toyota,2023.0,Diesel,Automatic,21351.0,5.0,38725.0
Mercedes,2017.0,Petrol,Automatic,140203.0,1.0,24968.0
Toyota,2023.0,Diesel,Automatic,49825.0,3.9,37391.0
Kia,2020.0,Electric,Manual,16349.0,3.3,27619.0
Toyota,2013.0,Petrol,Manual,49254.0,2.7,20771.0
Toyota,2013.0,Diesel,Automatic,43225.0,1.5,19821.0
Honda,2014.0,Petrol,Automatic,17453.0,2.6,22789.0
Honda,2015.0,Petrol,Automatic,82694.0,2.4,21996.0
Audi,2014.0,Diesel,Manual,20735.0,2.2,32198.0
Hyundai,2023.0,Petrol,Automatic,52893.0,3.9,33295.0
Mercedes,2016.0,Diesel,Automatic,132006.0,3.8,32816.0
Toyota,2011.0,Electric,Automatic,50066.0,3.4,24102.0
Toyota,2016.0,Petrol,Automatic,139445.0,4.8,26163.0
Ford,2019.0,Diesel,Automatic,146407.0,2.4,21826.0
Honda,2016.0,Petrol,Automatic,15692.0,2.0,23153.0
Mercedes,2010.0,Hybrid,Manual,50541.0,3.6,34353.0
Chevrolet,2016.0,Diesel,Automatic,71983.0,1.8,22037.0
Audi,2014.0,Electric,Manual,125747.0,2.3,30981.0
Hyundai,2012.0,Diesel,Automatic,90103.0,1.9,17334.0
BMW,2022.0,Petrol,Automatic,30566.0,1.3,39279.0
Hyundai,2012.0,Diesel,Manual,78193.0,4.3,18223.0
Kia,2013.0,Hybrid,Manual,146417.0,2.0,12302.0
Toyota,2022.0,Diesel,Manual,126015.0,2.9,27549.0
Audi,2021.0,Electric,Automatic,135956.0,1.2,35489.0
Kia,2011.0,Hybrid,Automatic,75744.0,3.8,19765.0
Mercedes,2011.0,Petrol,Manual,38455.0,2.3,25931.0
BMW,2010.0,Petrol,Automatic,59219.0,4.0,28270.0
Honda,2014.0,Diesel,Automatic,50991.0,2.6,24308.0
Audi,2013.0,Diesel,Manual,78616.0,1.8,22163.0
Audi,2020.0,Electric,Manual,92438.0,3.1,35718.0
Toyota,2019.0,Hybrid,Automatic,121841.0,,24899.0
,2011.0,Petrol,Automatic,145558.0,2.8,14097.0
Audi,2012.0,Petrol,Automatic,63870.0,2.3,23798.0
Ford,2016.0,Electric,Manual,91694.0,4.6,27544.0
BMW,2016.0,Petrol,Manual,48856.0,1.2,28505.0
BMW,2021.0,Electric,Automatic,106407.0,3.8,43505.0
Ford,2013.0,Diesel,Manual,,1.7,16921.0
Chevrolet,2014.0,Diesel,Manual,69729.0,2.3,18250.0
Ford,2014.0,,Manual,59353.0,2.7,18473.0
Ford,2015.0,Diesel,Automatic,19031.0,4.6,31319.0
BMW,2023.0,Diesel,Automatic,70982.0,2.0,36477.0
Hyundai,2018.0,Diesel,Automatic,41683.0,1.4,24157.0
BMW,2011.0,Petrol,Automatic,119091.0,2.3,21189.0
Nissan,2014.0,Electric,Manual,122797.0,1.4,17146.0
Toyota,2021.0,Hybrid,Automatic,11587.0,1.5,32670.0
Kia,2012.0,Petrol,Manual,67790.0,3.3,15939.0
Hyundai,2013.0,Petrol,Automatic,36480.0,1.2,16811.0
Honda,2019.0,Petrol,Automatic,28569.0,1.1,23804.0
Kia,2015.0,Diesel,Automatic,16151.0,3.9,24840.0
Toyota,2021.0,Diesel,Manual,49739.0,2.4,29690.0
Nissan,2017.0,Diesel,Automatic,37954.0,1.5,22756.0
Nissan,2010.0,Petrol,Manual,114373.0,2.0,11994.0
Honda,2019.0,Petrol,Automatic,39700.0,3.6,
Hyundai,2023.0,Diesel,Automatic,128728.0,2.1,25177.0
Chevrolet,2017.0,Diesel,Automatic,71788.0,3.0,
Ford,2020.0,Hybrid,Automatic,76045.0,1.5,26205.0
Hyundai,2023.0,Petrol,Automatic,149972.0,3.4,27049.0
Chevrolet,2016.0,Diesel,Manual,132992.0,2.3,16464.0
Nissan,2010.0,Diesel,Automatic,85059.0,3.5,19465.0
BMW,2011.0,Diesel,Manual,6881.0,4.2,30952.0
Toyota,2012.0,Electric,Automatic,137702.0,3.4,23840.0
Honda,2010.0,Diesel,Automatic,25789.0,2.2,18740.0
Toyota,2023.0,Hybrid,Automatic,131083.0,2.0,31495.0
Mercedes,2018.0,Petrol,Automatic,93059.0,2.3,33142.0
Mercedes,2017.0,Petrol,Automatic,51151.0,1.7,31698.0
Hyundai,2011.0,Electric,Manual,114388.0,1.7,13749.0
Nissan,2022.0,Diesel,Automatic,8262.0,4.2,35096.0
Nissan,2018.0,Petrol,Manual,71981.0,2.5,24444.0
Ford,2016.0,Petrol,Automatic,125951.0,,18199.0
Ford,2018.0,Petrol,,128099.0,3.4,19536.0
Ford,2015.0,Hybrid,Manual,86972.0,3.4,23230.0
BMW,2015.0,Petrol,Automatic,80485.0,1.3,27138.0
Kia,2020.0,Petrol,Manual,59722.0,4.3,27145.0
Audi,2023.0,Petrol,Automatic,94499.0,1.7,34851.0
Kia,2013.0,Petrol,Manual,11901.0,3.9,20599.0
Toyota,2019.0,Petrol,Manual,122473.0,4.1,27406.0
Kia,2019.0,Diesel,,13597.0,3.9,29594.0
BMW,2022.0,Petrol,Manual,134631.0,3.3,30777.0
Toyota,2022.0,Electric,Manual,68909.0,1.1,30698.0
Kia,2011.0,Petrol,Automatic,77391.0,2.4,14946.0
BMW,2016.0,Diesel,Manual,144335.0,3.4,28024.0
Audi,2014.0,Hybrid,Automatic,68293.0,2.5,32824.0
,2020.0,Diesel,Manual,16874.0,4.5,28976.0
BMW,2015.0,Diesel,Manual,91402.0,2.2,28030.0
Ford,2011.0,Petrol,Automatic,19079.0,2.2,20109.0
Nissan,2014.0,Petrol,Manual,77779.0,2.1,15880.0
Ford,2019.0,Diesel,Manual,100408.0,2.3,22173.0
Nissan,2013.0,Hybrid,Manual,145090.0,3.2,18662.0
Honda,2018.0,Diesel,Manual,125606.0,,27342.0
Honda,2015.0,Diesel,Automatic,125062.0,3.7,23256.0
Honda,2011.0,Electric,Manual,17100.0,4.2,27108.0
Audi,2010.0,Diesel,Automatic,62021.0,4.5,30589.0
Ford,2014.0,Petrol,Automatic,133126.0,4.3,21858.0
Nissan,2018.0,Diesel,Automatic,97446.0,1.1,22419.0
BMW,2015.0,Hybrid,Automatic,34437.0,3.9,36831.0
Toyota,2019.0,Petrol,Manual,25862.0,1.8,25234.0
BMW,2021.0,,Automatic,16669.0,1.5,38872.0
Toyota,2016.0,Petrol,Manual,126219.0,3.6,22361.0
Mercedes,2014.0,Diesel,Automatic,,2.3,36000.0
BMW,2019.0,Petrol,Automatic,15878.0,,35287.0
Kia,2015.0,Diesel,Manual,7985.0,1.6,22368.0
Kia,2014.0,,Automatic,46235.0,1.0,18362.0
Hyundai,2020.0,Petrol,Automatic,23931.0,4.6,29652.0
Ford,2018.0,Diesel,Manual,97876.0,1.1,19056.0
Toyota,2015.0,Electric,Manual,5336.0,1.8,26041.0
Toyota,2020.0,Hybrid,,47933.0,2.7,28851.0
Ford,2017.0,Petrol,Automatic,50536.0,2.4,
Audi,2011.0,Petrol,Automatic,74504.0,4.6,29557.0
Hyundai,2021.0,Petrol,Automatic,104214.0,1.2,23214.0
Audi,2022.0,Hybrid,Automatic,118936.0,3.0,38623.0
Audi,2018.0,Hybrid,Automatic,21279.0,3.7,41116.0
Audi,2014.0,Diesel,Manual,108751.0,4.7,28443.0
Ford,2016.0,Electric,Manual,109433.0,3.5,25497.0
Audi,2019.0,Diesel,Automatic,76386.0,4.2,39741.0
Kia,2022.0,Diesel,Automatic,91124.0,1.3,24326.0
Honda,2010.0,Petrol,Manual,110750.0,2.5,12924.0
Mercedes,2019.0,Electric,Manual,82485.0,2.5,36331.0
Toyota,2014.0,Petrol,Automatic,79055.0,4.5,22636.0
Toyota,2021.0,Electric,Automatic,96911.0,1.6,30382.0
Mercedes,2023.0,Electric,Automatic,103618.0,1.6,46625.0
Ford,2019.0,Electric,Automatic,118892.0,2.3,27952.0
BMW,2023.0,Petrol,Manual,76128.0,,32729.0
Ford,2011.0,Petrol,Manual,57495.0,1.7,15166.0
Toyota,2021.0,Petrol,Manual,87806.0,4.9,33400.0
Toyota,2015.0,Petrol,,98185.0,2.7,18853.0
Mercedes,2020.0,Petrol,Automatic,54649.0,3.5,38662.0
Audi,2010.0,Hybrid,Automatic,100402.0,3.9,31763.0
Ford,2012.0,Diesel,Automatic,35676.0,2.5,20135.0
Nissan,2014.0,Petrol,Automatic,69093.0,1.6,19404.0
Mercedes,2013.0,Petrol,Manual,84414.0,1.8,27602.0
Kia,2012.0,Diesel,Automatic,98095.0,2.3,16059.0
,2019.0,Diesel,Automatic,77307.0,3.5,31327.0
Mercedes,2022.0,Diesel,Automatic,100432.0,2.6,41890.0
Ford,2014.0,Hybrid,Manual,36923.0,,20324.0
Toyota,2020.0,Diesel,Automatic,122449.0,3.1,26344.0
BMW,2017.0,Hybrid,Automatic,52574.0,4.7,38390.0
Mercedes,2020.0,Hybrid,Manual,126757.0,4.2,38185.0
Hyundai,2013.0,Petrol,Manual,58664.0,4.3,21473.0
Toyota,2010.0,Hybrid,Automatic,72384.0,4.2,21798.0
Ford,2020.0,Petrol,Automatic,36027.0,2.3,24341.0
Honda,2016.0,Electric,Manual,39485.0,4.1,28535.0
Nissan,2017.0,Petrol,Automatic,40554.0,1.6,23312.0
Chevrolet,2012.0,,Manual,51922.0,3.6,23138.0
Audi,2015.0,Hybrid,Automatic,18409.0,3.6,41386.0
Chevrolet,2011.0,Electric,Manual,41639.0,1.1,16844.0
Ford,2016.0,Electric,Automatic,24692.0,4.2,33927.0
Kia,2017.0,Petrol,Manual,94037.0,4.6,23983.0
Kia,2015.0,Petrol,Manual,23074.0,2.1,19450.0
Honda,2015.0,Diesel,Manual,34963.0,4.2,27725.0
Audi,2014.0,Petrol,Manual,57265.0,1.3,21968.0
Hyundai,2017.0,Diesel,Automatic,21061.0,3.4,29878.0
Honda,2010.0,Petrol,Manual,118502.0,2.9,13707.0
Chevrolet,2019.0,Hybrid,Automatic,27800.0,3.2,29751.0
Honda,2013.0,Diesel,Manual,121192.0,4.7,22771.0
Chevrolet,2013.0,Electric,Manual,112228.0,4.5,21400.0
Toyota,2012.0,Petrol,Manual,33054.0,4.1,21677.0
,2012.0,Hybrid,Manual,18233.0,2.1,19466.0
Toyota,2013.0,Hybrid,Manual,,4.6,23316.0
Nissan,2020.0,,Automatic,95610.0,1.4,24654.0
Audi,2010.0,Diesel,Automatic,75453.0,4.4,29364.0
Hyundai,2023.0,Electric,Automatic,109135.0,2.3,30172.0
Chevrolet,2020.0,Petrol,Automatic,113464.0,1.2,20645.0
Hyundai,2022.0,Diesel,Automatic,18682.0,3.7,33372.0
Chevrolet,2020.0,Petrol,Manual,63160.0,1.9,23130.0
Ford,2011.0,Petrol,Automatic,28666.0,2.0,18394.0
Honda,2018.0,Petrol,Automatic,63817.0,2.2,26223.0
Nissan,2019.0,Petrol,Automatic,96198.0,1.3,21919.0
Kia,,Petrol,Automatic,46830.0,,15742.0
Chevrolet,2014.0,Petrol,Manual,15234.0,1.0,16273.0
Hyundai,2018.0,Hybrid,Automatic,62616.0,2.8,26010.0
Nissan,2018.0,Diesel,Automatic,14221.0,1.3,27764.0
BMW,2017.0,Hybrid,Automatic,,3.7,
BMW,2010.0,Diesel,Automatic,6051.0,1.9,27273.0
Toyota,2010.0,Petrol,Manual,115529.0,4.8,18166.0
Kia,2018.0,Diesel,Manual,81918.0,4.5,23457.0
Ford,2022.0,Diesel,Automatic,83116.0,2.2,26182.0
Hyundai,2020.0,Petrol,Automatic,127226.0,4.1,27740.0
Honda,2017.0,Diesel,Manual,49757.0,4.2,28824.0
Honda,2019.0,Petrol,Manual,126008.0,4.9,25594.0
Hyundai,2018.0,Diesel,Manual,136379.0,3.4,23413.0
Audi,2016.0,Diesel,Manual,61889.0,1.3,30012.0
Ford,2012.0,Petrol,Automatic,40944.0,3.6,21075.0
Nissan,2012.0,Petrol,Automatic,104555.0,3.5,17087.0
Chevrolet,2011.0,Electric,Manual,43134.0,3.6,23264.0
Audi,2014.0,Diesel,Manual,30954.0,2.2,
Chevrolet,2021.0,Petrol,Manual,94959.0,4.4,28180.0
Chevrolet,2021.0,Hybrid,Manual,9992.0,4.8,37359.0
Audi,2012.0,Petrol,Automatic,6961.0,1.9,28544.0
Toyota,2023.0,Diesel,Automatic,17497.0,1.4,30856.0
BMW,2015.0,Hybrid,Automatic,18255.0,1.8,37435.0
Chevrolet,2011.0,Petrol,Manual,140639.0,4.3,14110.0
Audi,2021.0,Petrol,Automatic,,3.7,39715.0
Audi,2012.0,Petrol,Automatic,25389.0,3.5,30494.0
,2014.0,Petrol,Automatic,128802.0,2.6,25597.0
Toyota,2021.0,Petrol,Automatic,66576.0,3.3,30098.0
Kia,2020.0,Diesel,Manual,48919.0,2.2,23726.0
Mercedes,2020.0,Petrol,Manual,8358.0,2.9,36873.0
Mercedes,2010.0,Diesel,Manual,93535.0,4.2,29392.0
Hyundai,2022.0,Hybrid,Manual,110982.0,4.9,29692.0
BMW,,Electric,Manual,10698.0,4.7,38682.0
Audi,2019.0,Diesel,Automatic,71809.0,4.7,35711.0
BMW,2018.0,Petrol,Automatic,98079.0,2.6,32945.0
Ford,2016.0,Diesel,Automatic,60805.0,2.9,25858.0
Hyundai,,Diesel,Manual,80033.0,3.8,17507.0
Kia,2021.0,Diesel,Automatic,103239.0,4.7,
BMW,2023.0,Petrol,Automatic,135407.0,1.6,36032.0
Honda,2017.0,Hybrid,Automatic,49041.0,2.2,26734.0
Chevrolet,2012.0,Diesel,Automatic,36954.0,1.6,16340.0
Ford,2017.0,Petrol,Automatic,13002.0,3.4,26953.0
Toyota,2014.0,Petrol,Automatic,74783.0,2.2,18505.0
Kia,2010.0,Diesel,Manual,112524.0,2.3,12559.0
Ford,2016.0,Electric,Manual,129857.0,1.3,17690.0
Chevrolet,2014.0,Electric,Manual,24738.0,2.4,24656.0
Hyundai,2015.0,Electric,Manual,15703.0,4.4,30340.0
Chevrolet,2015.0,Petrol,Manual,118776.0,1.9,14128.0
Mercedes,2017.0,Diesel,Automatic,148464.0,3.8,35743.0
Chevrolet,2018.0,Diesel,Automatic,49724.0,3.5,24778.0
Mercedes,2011.0,Petrol,Automatic,37299.0,4.5,33226.0
Hyundai,2018.0,Petrol,Manual,20641.0,1.5,19937.0
Nissan,2021.0,Electric,Automatic,84534.0,4.9,37949.0
Mercedes,2020.0,Petrol,Automatic,11305.0,3.3,45161.0
Toyota,2019.0,Diesel,Manual,23782.0,5.0,31626.0
Chevrolet,2018.0,Petrol,Automatic,83257.0,4.6,24882.0
Chevrolet,2022.0,Petrol,Manual,82963.0,1.9,24970.0
Toyota,2019.0,Petrol,Manual,126987.0,1.2,18349.0
Honda,2019.0,Hybrid,Automatic,129591.0,2.0,27429.0
Audi,2016.0,Electric,Manual,72766.0,3.1,35007.0
Nissan,2010.0,Hybrid,Automatic,11511.0,1.7,19243.0
Kia,2016.0,Diesel,Automatic,119816.0,1.7,18418.0
Mercedes,2019.0,Petrol,Automatic,9765.0,2.9,39460.0
Toyota,2014.0,Diesel,Manual,28929.0,1.1,22110.0
Hyundai,2015.0,Diesel,Manual,116576.0,1.5,16821.0
Mercedes,2019.0,Electric,Manual,76088.0,2.7,37543.0
Audi,2016.0,Petrol,Automatic,82525.0,1.3,23884.0
Hyundai,2023.0,Diesel,Automatic,18780.0,2.6,35083.0
Ford,2014.0,Petrol,Manual,11589.0,2.9,23836.0
Chevrolet,2016.0,Petrol,Automatic,98664.0,2.8,18271.0
Ford,2018.0,Electric,Automatic,109188.0,4.5,31964.0
Mercedes,2012.0,Diesel,Manual,98326.0,3.1,28124.0
Audi,2017.0,Petrol,Automatic,45953.0,2.9,30983.0
Nissan,2011.0,Petrol,Automatic,70785.0,2.6,18111.0
,2020.0,Diesel,Manual,24309.0,4.3,39888.0
Toyota,2016.0,Electric,Manual,59195.0,4.6,33518.0
BMW,2022.0,Hybrid,Automatic,30901.0,4.4,44802.0
Mercedes,2011.0,Hybrid,Automatic,30464.0,3.7,37961.0
Chevrolet,2023.0,Electric,Automatic,21260.0,1.5,
Chevrolet,2013.0,Petrol,Automatic,129997.0,2.1,14216.0
Mercedes,2016.0,Diesel,Manual,40440.0,1.2,32615.0
Hyundai,2012.0,Diesel,Manual,100082.0,4.7,18498.0
BMW,2011.0,Petrol,Automatic,110583.0,3.6,
Toyota,2020.0,Electric,Manual,61683.0,4.0,33234.0
Mercedes,2019.0,Petrol,Manual,129206.0,2.2,27188.0
Hyundai,2016.0,Hybrid,Automatic,138059.0,4.4,25488.0
Chevrolet,2010.0,Diesel,Automatic,83484.0,2.0,14074.0
Chevrolet,2023.0,Diesel,Automatic,149098.0,1.0,22604.0
Audi,2017.0,Diesel,Automatic,73309.0,2.5,32686.0
Mercedes,2012.0,Hybrid,Manual,50927.0,3.3,33502.0
BMW,2021.0,Diesel,Automatic,47946.0,2.9,
Honda,2021.0,Diesel,Manual,131503.0,4.4,28458.0
BMW,2022.0,Petrol,Automatic,146449.0,1.4,30806.0
Chevrolet,2011.0,Diesel,Automatic,58592.0,3.2,20094.0
Chevrolet,2012.0,Petrol,Automatic,143419.0,3.1,15397.0
Ford,2014.0,Electric,Automatic,38776.0,2.1,24911.0
Chevrolet,2020.0,Diesel,Automatic,139855.0,4.3,24157.0
Toyota,2017.0,Diesel,Manual,60798.0,4.0,26181.0
Kia,2019.0,Petrol,Automatic,140370.0,3.9,20882.0
Mercedes,2016.0,Petrol,Automatic,75204.0,4.5,33704.0
BMW,2016.0,Electric,Manual,91207.0,3.9,36034.0
Kia,2021.0,Petrol,Automatic,105356.0,1.9,20934.0
Hyundai,2016.0,Petrol,Automatic,65652.0,3.8,22369.0
Honda,2017.0,Petrol,Manual,134572.0,2.2,17236.0
Toyota,2010.0,Hybrid,Automatic,25922.0,2.0,19520.0
BMW,2013.0,Electric,Automatic,81996.0,1.3,29654.0
,2022.0,,Automatic,35266.0,4.0,28815.0
Honda,2015.0,Petrol,Automatic,7866.0,3.8,27571.0
Ford,2018.0,Petrol,,117669.0,1.9,20134.0
Toyota,2022.0,Electric,Automatic,10898.0,4.0,37060.0
Toyota,2011.0,Diesel,Automatic,23395.0,4.7,26156.0
Ford,2010.0,Petrol,Manual,9006.0,1.4,14694.0
,2022.0,Petrol,Automatic,15956.0,1.9,37657.0
Ford,2019.0,Petrol,Automatic,142150.0,4.0,21694.0
Toyota,2021.0,Diesel,Manual,100676.0,2.1,25671.0
Toyota,2023.0,Electric,Automatic,126724.0,3.5,35406.0
Kia,2011.0,Petrol,Automatic,67901.0,1.3,12104.0
Chevrolet,2016.0,Petrol,,112227.0,2.8,16768.0
,2012.0,Petrol,Automatic,122192.0,4.0,21161.0
Ford,2019.0,Hybrid,Automatic,36417.0,3.7,30168.0
Honda,2011.0,Petrol,Automatic,93020.0,4.3,19555.0
Ford,2023.0,Electric,Manual,88639.0,4.5,36686.0
Hyundai,2020.0,Diesel,Manual,99881.0,4.1,28212.0
Toyota,2016.0,Petrol,Manual,137659.0,3.7,20553.0
Chevrolet,2022.0,Petrol,Automatic,126688.0,1.1,21207.0
Kia,2022.0,Petrol,Manual,120584.0,3.1,22240.0
Chevrolet,2011.0,Diesel,Automatic,91567.0,1.2,12405.0
Chevrolet,2012.0,Electric,Manual,80886.0,4.2,22427.0
Chevrolet,2020.0,Diesel,Manual,34432.0,2.3,24097.0
Honda,2016.0,,Automatic,77373.0,3.2,25594.0
Ford,2023.0,Petrol,Automatic,25884.0,2.1,32731.0
Nissan,2013.0,Hybrid,Manual,10454.0,,28428.0
Hyundai,2022.0,Electric,Automatic,79960.0,4.5,32612.0
BMW,2023.0,Petrol,Manual,107421.0,2.6,35053.0
Chevrolet,2010.0,Hybrid,Automatic,48618.0,4.5,22517.0
Mercedes,2022.0,Diesel,Automatic,52111.0,2.1,44419.0
Honda,2023.0,Diesel,Manual,125592.0,3.1,27288.0
Kia,2014.0,Electric,Manual,64993.0,4.4,21951.0
BMW,2021.0,Electric,Manual,133652.0,2.3,34228.0
Nissan,2018.0,Diesel,Automatic,144920.0,4.8,25166.0
Mercedes,2017.0,Petrol,Automatic,83672.0,1.5,29873.0
Nissan,2021.0,Petrol,Manual,71125.0,1.1,23778.0
BMW,2018.0,Hybrid,Automatic,122509.0,4.6,40848.0
Chevrolet,2019.0,Petrol,Manual,66602.0,1.3,19565.0
Mercedes,2023.0,Petrol,Manual,47222.0,5.0,43072.0
Nissan,2018.0,Diesel,Automatic,54223.0,4.8,28016.0
Kia,2016.0,Diesel,Automatic,70333.0,1.5,
Ford,2013.0,Diesel,Automatic,127650.0,3.2,20231.0
Toyota,2014.0,Hybrid,Automatic,54420.0,1.7,25842.0
Ford,2010.0,Petrol,Manual,80504.0,2.7,15246.0
BMW,2023.0,Petrol,Automatic,7462.0,,36131.0
Honda,2010.0,Petrol,Manual,14460.0,1.9,15754.0
Toyota,2012.0,Hybrid,Automatic,104319.0,2.5,21013.0
Hyundai,2022.0,Diesel,Manual,145347.0,2.8,25609.0
Kia,2023.0,Petrol,Automatic,149341.0,4.9,26130.0
Hyundai,2017.0,Electric,Manual,134593.0,4.2,22009.0
Mercedes,2023.0,Hybrid,Manual,127672.0,3.9,44329.0
Toyota,,Electric,Automatic,77920.0,3.1,21766.0
Hyundai,2013.0,Hybrid,Manual,27553.0,4.4,24527.0
Hyundai,2011.0,Petrol,Automatic,49036.0,2.4,17334.0
Nissan,2023.0,Electric,Manual,147867.0,3.8,28306.0
Ford,,Diesel,Manual,75021.0,5.0,22330.0
Nissan,2018.0,Electric,Manual,112205.0,2.3,24940.0
Toyota,2010.0,Electric,Manual,93209.0,3.7,21818.0
,2014.0,Electric,Automatic,80139.0,4.4,32127.0
BMW,2023.0,Diesel,Manual,10368.0,4.7,43981.0
Nissan,2018.0,Petrol,Automatic,140693.0,3.9,20930.0
,2010.0,Diesel,Automatic,63829.0,2.1,26448.0
Ford,2018.0,Hybrid,Automatic,134036.0,2.3,23008.0
Toyota,2017.0,Hybrid,Automatic,19719.0,,25559.0
BMW,2013.0,Petrol,Automatic,34227.0,4.0,34768.0
Nissan,2021.0,Petrol,Automatic,114430.0,1.2,20559.0
Ford,2020.0,Petrol,Manual,143638.0,4.5,23463.0
Nissan,2019.0,Electric,Manual,17306.0,1.5,25541.0
Hyundai,2014.0,Electric,Automatic,58822.0,1.7,21423.0
BMW,2022.0,Petrol,Automatic,29042.0,2.9,39325.0
Ford,2014.0,Diesel,Automatic,94424.0,4.0,22938.0
Chevrolet,2020.0,Electric,Automatic,23019.0,1.6,30684.0
Mercedes,2021.0,Electric,Automatic,,2.8,49021.0
Mercedes,2015.0,Diesel,Automatic,45863.0,2.9,33602.0
Ford,2016.0,Diesel,Automatic,116023.0,1.8,17663.0
Nissan,2017.0,Diesel,Manual,146355.0,1.5,15173.0
BMW,2023.0,Petrol,Automatic,51999.0,4.3,39587.0
Mercedes,2017.0,Diesel,Manual,67780.0,3.0,35787.0
BMW,2020.0,Diesel,Manual,27908.0,1.1,35878.0
Mercedes,2023.0,Hybrid,Automatic,131278.0,4.2,47659.0
Hyundai,,Diesel,Manual,118002.0,4.9,27726.0
Nissan,2011.0,Electric,Manual,105706.0,3.4,18442.0
Hyundai,2018.0,Petrol,Manual,127019.0,3.0,19695.0
Mercedes,2016.0,Diesel,Automatic,114708.0,4.5,33754.0
Chevrolet,2013.0,Petrol,Automatic,14343.0,4.8,25832.0
Chevrolet,2013.0,Petrol,Automatic,81173.0,4.0,22296.0
Hyundai,2020.0,Electric,Automatic,105260.0,2.8,26968.0
Chevrolet,2017.0,Hybrid,Automatic,74443.0,3.4,27465.0
Mercedes,2013.0,Petrol,Manual,62530.0,,30274.0
Ford,2022.0,Diesel,Automatic,140899.0,1.8,22350.0
Hyundai,2015.0,Electric,Automatic,101143.0,2.8,23324.0
Honda,2014.0,,Automatic,149771.0,4.3,20026.0
Nissan,2012.0,Diesel,Manual,119527.0,3.6,15717.0
Chevrolet,2022.0,Electric,Automatic,141385.0,2.6,28278.0
Chevrolet,2023.0,Diesel,Automatic,149670.0,3.7,29627.0
Toyota,2019.0,Petrol,Manual,116362.0,1.5,19798.0
Audi,2020.0,Petrol,Automatic,33807.0,2.6,34779.0
Hyundai,2011.0,Electric,Manual,,4.2,23633.0
Kia,2018.0,Diesel,Manual,8558.0,1.9,25412.0
Chevrolet,2019.0,Petrol,Automatic,55113.0,1.7,24022.0
Nissan,2018.0,Electric,Manual,57999.0,4.8,29796.0
Honda,2010.0,Petrol,Automatic,63219.0,1.8,17517.0
Chevrolet,2019.0,Electric,,58218.0,2.0,25593.0
,2012.0,Petrol,Manual,,4.9,25468.0
Mercedes,2017.0,Hybrid,Automatic,80209.0,3.9,37163.0
Mercedes,2015.0,Petrol,Manual,32877.0,3.8,34726.0
Audi,2014.0,Petrol,Manual,102137.0,4.4,26411.0
Ford,2014.0,Petrol,Manual,43084.0,1.5,17493.0
Kia,2015.0,Petrol,Manual,86780.0,3.8,19053.0
Toyota,2016.0,Hybrid,Manual,42034.0,3.0,25231.0
Audi,2010.0,Hybrid,Automatic,60468.0,4.3,32818.0
BMW,2018.0,Petrol,Automatic,15589.0,3.0,39660.0
Toyota,,Diesel,Manual,62221.0,3.5,23544.0
Hyundai,2013.0,Electric,Automatic,6657.0,2.9,24279.0
Nissan,2019.0,Hybrid,Automatic,103300.0,2.9,27803.0
BMW,2010.0,Diesel,Automatic,122229.0,4.1,28999.0
BMW,2022.0,Petrol,Automatic,44531.0,3.5,39133.0
Audi,2020.0,Diesel,Manual,57227.0,3.5,32613.0
Ford,2019.0,Diesel,Manual,8164.0,2.8,29373.0
Audi,2012.0,Petrol,,98078.0,3.1,27604.0
Hyundai,2011.0,Diesel,Automatic,46247.0,4.0,21980.0
Chevrolet,2011.0,Petrol,Manual,55599.0,4.3,18688.0
Chevrolet,2023.0,Electric,Manual,140624.0,3.8,29463.0
Ford,2010.0,Petrol,Automatic,145489.0,4.7,15321.0
Hyundai,2017.0,Diesel,Automatic,73207.0,4.3,28002.0
Ford,2012.0,Diesel,Automatic,77055.0,3.2,21132.0
Honda,2012.0,Diesel,Automatic,107266.0,3.7,19847.0
Chevrolet,2015.0,Petrol,Manual,83270.0,4.7,24038.0
BMW,2022.0,Diesel,Automatic,116426.0,3.5,37358.0
,2017.0,,Automatic,139794.0,4.3,24638.0
Nissan,2022.0,Diesel,Manual,75442.0,3.8,29234.0
Hyundai,2018.0,Diesel,Automatic,100632.0,3.2,22542.0
Toyota,2018.0,Diesel,Automatic,26438.0,2.0,27173.0
Ford,2013.0,Electric,Manual,63819.0,2.7,21620.0
Nissan,2023.0,Petrol,Automatic,48856.0,4.9,31558.0
,2014.0,Electric,Automatic,46938.0,3.6,29787.0
Nissan,2011.0,Diesel,Automatic,64807.0,3.3,20342.0
Kia,2020.0,Petrol,Manual,54877.0,4.7,29397.0
Toyota,2018.0,Petrol,Manual,48461.0,3.3,23938.0
Audi,2017.0,Petrol,Automatic,98474.0,3.1,30576.0
Mercedes,2012.0,,Manual,88136.0,4.0,32083.0
Audi,2020.0,Electric,Automatic,25435.0,3.9,47011.0
Chevrolet,2021.0,Electric,Automatic,89726.0,1.8,25072.0
Mercedes,2022.0,Diesel,Manual,59786.0,2.9,43176.0
Audi,2018.0,Diesel,Automatic,18704.0,2.9,38620.0
Mercedes,2012.0,Petrol,Automatic,61635.0,2.5,29161.0
Mercedes,2018.0,Petrol,Manual,138195.0,3.1,29738.0
BMW,2011.0,Diesel,Automatic,95710.0,2.7,25563.0
Ford,2021.0,Petrol,Automatic,67993.0,1.8,24315.0
Ford,2019.0,Petrol,Automatic,,2.6,24147.0
BMW,2018.0,Diesel,Automatic,137886.0,1.3,32095.0
Nissan,2017.0,Electric,,83537.0,3.3,25070.0
Honda,2018.0,Hybrid,Automatic,55258.0,4.4,33557.0
Nissan,2014.0,Hybrid,Automatic,90166.0,3.9,25368.0
Toyota,2020.0,Diesel,Automatic,118710.0,2.4,26811.0
Toyota,2020.0,Diesel,Automatic,40699.0,1.3,25557.0
Mercedes,2011.0,Diesel,Manual,51335.0,1.8,25583.0
Audi,2017.0,Electric,Automatic,51806.0,3.2,37504.0
Audi,2021.0,Petrol,Manual,82853.0,1.8,32425.0
Ford,2015.0,Diesel,Manual,40739.0,3.2,23298.0
Hyundai,2017.0,Electric,Manual,39785.0,1.9,24492.0
Nissan,2020.0,Petrol,Automatic,90016.0,4.4,30951.0
,2014.0,Diesel,Automatic,137681.0,2.6,17509.0
Kia,2019.0,Diesel,Automatic,71253.0,2.0,25155.0
Audi,2011.0,Petrol,Automatic,96128.0,4.2,26412.0
Kia,2015.0,Petrol,,132581.0,2.4,14665.0
Mercedes,2014.0,Petrol,Automatic,115966.0,1.4,28455.0
Kia,2021.0,Petrol,Automatic,142854.0,3.3,22867.0
Chevrolet,2022.0,Petrol,Manual,,3.3,23872.0
BMW,2021.0,Electric,Manual,82154.0,3.9,40801.0
Chevrolet,2014.0,,Automatic,144379.0,2.0,12896.0
Kia,2022.0,Diesel,Automatic,113297.0,2.8,25632.0
Chevrolet,2010.0,Petrol,Manual,43346.0,2.1,15144.0
Honda,2011.0,Hybrid,Manual,117138.0,1.3,16130.0
,2017.0,Petrol,Automatic,55772.0,4.5,41735.0
Nissan,2022.0,Diesel,Manual,45149.0,3.9,29278.0
BMW,2023.0,Hybrid,Automatic,91700.0,2.2,40194.0
Audi,2022.0,Electric,Automatic,101758.0,3.4,38379.0
Toyota,2012.0,Petrol,Automatic,133447.0,1.8,15720.0
Nissan,2019.0,Electric,Manual,10695.0,4.6,33368.0
Toyota,2012.0,Diesel,Automatic,44169.0,1.5,20644.0
Mercedes,2017.0,Diesel,Automatic,52947.0,1.0,35537.0
BMW,2017.0,Petrol,Automatic,,3.0,33604.0
Ford,2011.0,Petrol,Automatic,109501.0,3.3,15669.0
Audi,2017.0,Electric,Manual,65410.0,3.3,39617.0
Honda,2020.0,Diesel,Automatic,108754.0,1.2,26544.0
Ford,2022.0,Diesel,Automatic,95895.0,2.3,26244.0
Mercedes,2022.0,Electric,Automatic,55705.0,3.0,47779.0
Nissan,2010.0,Electric,Manual,120700.0,1.9,15803.0
Honda,2015.0,Petrol,Automatic,78914.0,4.5,23249.0
Chevrolet,2017.0,Diesel,Automatic,6881.0,1.3,23563.0
Kia,2012.0,Petrol,Manual,52365.0,2.9,
Honda,2017.0,Electric,Manual,84211.0,3.8,28967.0
Mercedes,2021.0,Diesel,Automatic,46198.0,2.0,36568.0
Hyundai,2010.0,Hybrid,Manual,105649.0,3.5,15950.0
Kia,2020.0,Petrol,Manual,141949.0,,21623.0
Toyota,2020.0,Petrol,Manual,44553.0,1.8,25793.0
Audi,2018.0,Petrol,Automatic,140994.0,4.7,35614.0
Toyota,2022.0,Petrol,Automatic,127778.0,3.2,29430.0
Honda,2020.0,,Automatic,122018.0,2.2,25712.0
Toyota,2022.0,Hybrid,Manual,140758.0,2.7,28205.0
Mercedes,2018.0,Petrol,Automatic,37766.0,2.2,32437.0
Chevrolet,2014.0,Petrol,Automatic,37006.0,3.9,21969.0
Nissan,2019.0,Electric,Automatic,36422.0,4.2,36897.0
Audi,2013.0,Diesel,Automatic,121590.0,4.3,28978.0
Toyota,2020.0,Electric,Manual,17205.0,4.9,34495.0
Toyota,2015.0,Petrol,Automatic,121477.0,4.2,24010.0
Honda,2021.0,Diesel,Manual,33202.0,3.4,30539.0
Nissan,2016.0,Petrol,Automatic,66692.0,2.4,20640.0
Ford,2014.0,Petrol,Manual,25855.0,3.2,24117.0
Toyota,2020.0,Hybrid,Manual,30095.0,1.2,30000.0
Mercedes,2022.0,Petrol,Manual,54241.0,4.0,39350.0
Hyundai,2019.0,Diesel,Automatic,108119.0,2.8,26218.0
Audi,2018.0,Diesel,Manual,57003.0,1.1,30174.0
Toyota,2012.0,Petrol,Automatic,99837.0,1.3,16102.0
Mercedes,2016.0,Hybrid,Automatic,99283.0,2.5,32877.0
Mercedes,2019.0,Petrol,Manual,128805.0,3.3,29541.0
Audi,,Diesel,Automatic,98846.0,2.9,35021.0
Ford,2020.0,Hybrid,Manual,27927.0,3.5,33467.0
Mercedes,2014.0,Diesel,Automatic,,2.9,32014.0
Hyundai,2023.0,Hybrid,Automatic,120657.0,3.6,28019.0
Mercedes,2016.0,Petrol,Manual,71630.0,1.9,26788.0
Mercedes,2011.0,Diesel,Manual,109428.0,1.5,25234.0
Mercedes,2013.0,Petrol,Manual,127035.0,3.4,24355.0
Chevrolet,2011.0,Electric,Automatic,,2.9,17713.0
Chevrolet,2023.0,Hybrid,Automatic,74518.0,1.1,24990.0
Ford,2022.0,Petrol,Automatic,86326.0,2.5,24606.0
Toyota,2022.0,Diesel,Automatic,148277.0,1.4,25563.0
Mercedes,2021.0,Petrol,Manual,125243.0,3.1,35014.0
Nissan,2016.0,Diesel,Automatic,17748.0,2.6,25084.0
Toyota,2011.0,Diesel,Automatic,139164.0,3.5,17322.0
Ford,2022.0,Hybrid,Manual,58311.0,4.2,34937.0
BMW,2023.0,Diesel,Manual,27692.0,,37291.0
Toyota,2020.0,Petrol,Manual,129954.0,4.8,27582.0
Toyota,2010.0,Petrol,Automatic,135035.0,3.1,16621.0
Kia,2018.0,Petrol,Automatic,84507.0,3.5,21728.0
Honda,2010.0,Petrol,Manual,85152.0,3.7,18926.0
Kia,2017.0,Petrol,Automatic,9926.0,3.7,24823.0
Hyundai,2011.0,Hybrid,Manual,8969.0,3.0,21371.0
,2021.0,Diesel,Automatic,40733.0,2.7,28374.0
Chevrolet,2017.0,Diesel,Manual,74855.0,1.2,20746.0
Honda,2022.0,Petrol,Automatic,46743.0,1.1,26362.0
Audi,,Hybrid,Automatic,135193.0,2.4,25969.0
Audi,2015.0,Electric,Automatic,112445.0,2.3,35795.0
Ford,2012.0,Petrol,Automatic,25323.0,2.6,20256.0
Honda,2023.0,Electric,Manual,21428.0,1.6,33671.0
Toyota,2016.0,Diesel,Manual,39578.0,4.0,26354.0
Audi,2019.0,Petrol,Manual,91486.0,4.4,34512.0
Mercedes,2018.0,Diesel,Manual,69140.0,4.8,35413.0
Nissan,2011.0,,Automatic,112325.0,3.0,15447.0
Toyota,2021.0,Petrol,Manual,88829.0,3.8,28973.0
Hyundai,2021.0,Hybrid,,11364.0,4.4,32698.0
Mercedes,2023.0,Electric,Automatic,133867.0,2.7,48498.0
Mercedes,2014.0,Diesel,Automatic,136763.0,2.2,31643.0
Honda,2022.0,Diesel,Automatic,100598.0,4.7,35135.0
Ford,2015.0,Diesel,Manual,62062.0,3.1,23617.0
Hyundai,2013.0,Diesel,Manual,149933.0,3.0,15323.0
Audi,2013.0,Diesel,,93302.0,1.7,24044.0
Honda,2013.0,Petrol,Manual,68928.0,1.4,17485.0
Audi,2011.0,Diesel,Manual,46347.0,4.4,27722.0
Honda,2013.0,Electric,Automatic,8121.0,,29007.0
Honda,2020.0,Diesel,Automatic,88793.0,2.3,29240.0
Honda,2010.0,Petrol,,33164.0,1.8,17821.0
Ford,2021.0,Electric,Manual,30491.0,3.2,34891.0
Honda,2015.0,Petrol,,64222.0,3.3,21340.0
BMW,2010.0,Petrol,Automatic,8748.0,1.8,27365.0
Nissan,2019.0,Petrol,Manual,31553.0,4.4,26629.0
Audi,2015.0,Petrol,Automatic,121547.0,1.3,24247.0
Toyota,2010.0,Electric,Automatic,65380.0,2.4,23161.0
Kia,2015.0,Diesel,Automatic,49331.0,3.7,24198.0
Hyundai,2019.0,Petrol,Manual,125617.0,2.1,18142.0
Chevrolet,2017.0,Hybrid,Manual,44560.0,4.3,25291.0
Ford,2020.0,Hybrid,Automatic,58865.0,4.0,29626.0
Toyota,2011.0,Hybrid,Automatic,80910.0,4.2,24848.0
Mercedes,,Petrol,,140747.0,1.5,24088.0
BMW,2023.0,Diesel,Manual,82986.0,1.6,33476.0
Chevrolet,2022.0,Hybrid,Manual,15068.0,2.1,31391.0
Kia,2021.0,Electric,Automatic,59460.0,3.1,32850.0
Toyota,2013.0,Petrol,Automatic,105766.0,4.0,
Chevrolet,2020.0,Petrol,Automatic,51418.0,4.3,
Toyota,2012.0,Diesel,Manual,31206.0,3.8,25209.0
BMW,2013.0,Hybrid,Automatic,133180.0,4.7,32459.0
Kia,2022.0,Diesel,Automatic,5287.0,4.0,
Mercedes,2021.0,Diesel,Automatic,27337.0,2.2,37583.0
Honda,2016.0,Petrol,Automatic,137233.0,2.1,20856.0
Audi,2022.0,Diesel,Manual,105667.0,3.8,39290.0
Mercedes,2020.0,Electric,Automatic,95071.0,1.8,43808.0
Honda,2010.0,Petrol,Manual,103064.0,1.4,10895.0
Ford,2015.0,Electric,Automatic,111511.0,3.1,23799.0
Nissan,2012.0,Hybrid,Automatic,8178.0,4.3,25035.0
Hyundai,2020.0,Petrol,Manual,36831.0,1.4,20837.0
Hyundai,2019.0,Diesel,Automatic,138248.0,4.2,25800.0
Audi,2016.0,Petrol,Manual,108306.0,4.2,31601.0
Kia,2019.0,Electric,Automatic,117025.0,2.9,27370.0
BMW,2011.0,Diesel,Automatic,95417.0,1.2,25585.0
Kia,2023.0,Diesel,Manual,16984.0,1.7,25825.0
BMW,2011.0,Electric,Manual,94312.0,3.8,30241.0
Kia,2022.0,Petrol,Automatic,88291.0,3.8,26785.0
Nissan,2013.0,Hybrid,Manual,12135.0,4.6,28403.0
Ford,2010.0,Diesel,Automatic,5320.0,3.3,23252.0
Ford,2012.0,Petrol,Automatic,93774.0,1.5,14153.0
Honda,,Diesel,Automatic,103071.0,1.5,26725.0
Chevrolet,2018.0,Electric,Manual,146842.0,3.9,21999.0
Ford,2016.0,Petrol,Automatic,114863.0,1.7,17080.0
Ford,2016.0,Hybrid,Automatic,46777.0,2.3,25025.0
Mercedes,2022.0,Hybrid,Manual,51250.0,2.9,39334.0
Mercedes,2022.0,Petrol,Automatic,78034.0,1.1,35167.0
Honda,2020.0,Hybrid,Automatic,109940.0,2.0,29339.0
Chevrolet,2013.0,Petrol,Automatic,45130.0,2.6,19645.0
Audi,2011.0,Petrol,Manual,138609.0,2.1,16685.0
Mercedes,2023.0,Petrol,Automatic,20216.0,1.5,37711.0
Audi,2013.0,Hybrid,Manual,89149.0,3.9,30128.0
Toyota,2015.0,Diesel,Manual,8009.0,4.3,28075.0
Mercedes,2020.0,Petrol,Automatic,94904.0,2.0,33481.0
Nissan,2020.0,Diesel,Automatic,20029.0,4.1,32983.0
Chevrolet,2012.0,Diesel,Manual,107171.0,2.5,15218.0
Honda,2010.0,Petrol,Manual,119456.0,3.0,15125.0
Toyota,2023.0,Hybrid,Manual,67559.0,4.4,34392.0
Chevrolet,2021.0,Electric,Manual,69892.0,4.0,33161.0
Nissan,2017.0,Diesel,Manual,75409.0,4.2,24906.0
Chevrolet,2021.0,Hybrid,Manual,144707.0,1.5,19406.0
Nissan,2022.0,Diesel,Automatic,38065.0,1.3,28596.0
Nissan,2014.0,Hybrid,Automatic,125544.0,4.6,24354.0
Audi,2014.0,Diesel,Automatic,112340.0,2.6,30257.0
Kia,2020.0,Diesel,Automatic,38783.0,2.2,27511.0
Toyota,2013.0,Petrol,Manual,39152.0,3.9,25022.0
Chevrolet,2015.0,Hybrid,Automatic,63741.0,4.3,28640.0
BMW,2012.0,Diesel,Automatic,112049.0,4.4,31837.0
Toyota,2018.0,Petrol,Automatic,34092.0,2.3,26793.0
Kia,2014.0,Petrol,Automatic,91483.0,,21065.0
Toyota,2012.0,Diesel,Automatic,126585.0,1.2,16869.0
Ford,2020.0,Diesel,Automatic,,1.2,26107.0
BMW,2010.0,Electric,Manual,92592.0,3.5,27783.0
Kia,2019.0,Hybrid,Automatic,99543.0,1.3,22954.0
Audi,2021.0,Petrol,Automatic,48169.0,2.3,32919.0
Chevrolet,2015.0,Electric,Automatic,59745.0,3.7,26534.0
Hyundai,2011.0,Petrol,Automatic,115168.0,2.3,12463.0
Kia,2022.0,Hybrid,Manual,118985.0,1.7,24008.0
Honda,2012.0,Electric,Manual,10543.0,,26024.0
Chevrolet,2010.0,Diesel,Automatic,26067.0,2.8,18225.0
Kia,2018.0,Electric,Automatic,56033.0,2.9,25090.0
Ford,2017.0,Petrol,Automatic,50256.0,4.1,25780.0
Hyundai,2021.0,Diesel,Manual,91803.0,4.0,28690.0
Ford,2011.0,Electric,Manual,123843.0,2.8,16495.0
Hyundai,2021.0,Diesel,Automatic,33992.0,4.4,31370.0
Honda,2020.0,Petrol,Automatic,53803.0,1.5,24415.0
Chevrolet,2017.0,Diesel,Automatic,114975.0,2.0,19968.0
Audi,2021.0,Electric,Automatic,149282.0,4.3,38973.0
Ford,2023.0,Petrol,Automatic,31270.0,2.5,32026.0
Ford,2018.0,Petrol,Manual,141269.0,4.9,21566.0
Nissan,2010.0,Electric,Automatic,12452.0,2.9,24379.0
Hyundai,2022.0,Electric,Automatic,46486.0,4.2,33617.0
Mercedes,2014.0,Petrol,Automatic,19859.0,2.6,33335.0
Chevrolet,2017.0,Petrol,Automatic,37083.0,2.7,22909.0
Hyundai,,Petrol,Automatic,72708.0,2.5,25855.0
Nissan,2023.0,Petrol,Manual,116462.0,3.9,30278.0
Toyota,2011.0,Diesel,Automatic,98076.0,3.2,21475.0
Hyundai,2013.0,Electric,Manual,24053.0,4.8,27596.0
Audi,2016.0,Diesel,Automatic,147157.0,2.0,26696.0
Chevrolet,2012.0,Diesel,Manual,94745.0,1.4,14239.0
Nissan,2022.0,Petrol,Manual,74517.0,2.6,27263.0
Toyota,2021.0,Electric,Automatic,141319.0,3.5,29421.0
BMW,2014.0,Diesel,Manual,146625.0,4.4,30841.0
Nissan,2017.0,Hybrid,Automatic,142207.0,2.4,21391.0
BMW,,Diesel,Automatic,141645.0,3.6,34797.0
Chevrolet,2019.0,Petrol,Manual,84267.0,2.4,20752.0
Ford,2012.0,Diesel,Automatic,143261.0,3.5,16619.0
Nissan,2013.0,Petrol,Automatic,85077.0,4.5,22005.0
Honda,2023.0,Diesel,Automatic,81623.0,1.9,28448.0
BMW,2018.0,Petrol,,136004.0,2.6,25684.0
Audi,2023.0,Petrol,Manual,58687.0,5.0,37004.0
Honda,2023.0,Hybrid,Manual,73312.0,4.5,36025.0
Kia,2016.0,Petrol,Manual,112615.0,3.3,19232.0
Kia,2010.0,Electric,Manual,135976.0,3.1,13714.0
Toyota,2023.0,Petrol,Automatic,32564.0,2.1,28407.0
Ford,2021.0,Diesel,Automatic,33835.0,3.1,28782.0
Chevrolet,2013.0,Diesel,Automatic,12697.0,4.4,28039.0
Nissan,2013.0,Diesel,Automatic,85165.0,3.7,21706.0
Mercedes,2018.0,Petrol,Manual,62823.0,2.2,31761.0
Audi,2015.0,Petrol,,14615.0,1.8,25249.0
BMW,2018.0,Petrol,Manual,141132.0,2.1,27731.0
Chevrolet,2021.0,Petrol,Manual,135499.0,1.7,19848.0
Honda,2015.0,Diesel,Automatic,81436.0,1.4,19799.0
Kia,2015.0,Hybrid,Automatic,125562.0,2.7,17741.0
Audi,2014.0,Hybrid,Manual,76117.0,1.5,26501.0
Mercedes,2014.0,Electric,Manual,39782.0,1.7,37414.0
Nissan,2011.0,Electric,Automatic,83533.0,3.2,23233.0
Toyota,2017.0,Diesel,Automatic,77684.0,1.7,24331.0
Mercedes,2017.0,Petrol,Manual,84558.0,1.3,29454.0
Audi,2020.0,Hybrid,Automatic,86422.0,2.3,33911.0
Mercedes,2022.0,Diesel,Automatic,11638.0,1.9,43695.0
Audi,2010.0,Diesel,Manual,42419.0,3.1,26893.0
Audi,2017.0,Petrol,Manual,38377.0,1.4,26165.0
Hyundai,2014.0,Diesel,Automatic,111244.0,4.0,22773.0
BMW,2011.0,Diesel,Automatic,28382.0,4.6,
Kia,2023.0,Hybrid,Automatic,72789.0,4.0,31269.0
Hyundai,2011.0,Diesel,Manual,115634.0,3.1,15098.0
Nissan,2023.0,Petrol,Manual,136936.0,4.4,28547.0
Hyundai,2015.0,Hybrid,Automatic,104572.0,3.8,24371.0
Ford,2020.0,Petrol,Automatic,149738.0,1.0,17238.0
Ford,2022.0,Diesel,Manual,128664.0,2.6,26613.0
Kia,2018.0,Petrol,Automatic,115674.0,4.4,23771.0
,2010.0,Electric,Automatic,108533.0,2.4,31949.0
BMW,2021.0,Hybrid,Automatic,86845.0,1.1,40788.0
Kia,2015.0,Petrol,Automatic,74590.0,4.0,22922.0
Audi,2018.0,Hybrid,Automatic,132775.0,4.2,33454.0
Honda,2017.0,Petrol,Automatic,,1.6,23525.0
BMW,2020.0,,Automatic,48298.0,3.1,38724.0
BMW,2015.0,Electric,Manual,53924.0,1.8,30507.0
Audi,2012.0,Electric,Automatic,14726.0,3.9,37001.0
Audi,2017.0,Petrol,Manual,45542.0,2.1,31723.0
Toyota,2018.0,Hybrid,Automatic,39753.0,2.3,27593.0
Kia,2010.0,Electric,Manual,84788.0,4.4,20050.0
Audi,2021.0,Petrol,Manual,26316.0,2.9,33120.0
Ford,2018.0,Electric,Manual,89698.0,3.7,28828.0
Nissan,2023.0,,Manual,20960.0,2.6,30009.0
Honda,,Hybrid,Automatic,35791.0,2.2,27465.0
Kia,,Petrol,Automatic,30216.0,3.5,21717.0
Chevrolet,2021.0,Electric,Automatic,69427.0,1.6,29514.0
Ford,2013.0,Diesel,Manual,117470.0,2.5,17843.0
Mercedes,2010.0,Petrol,Manual,78290.0,,23230.0
Audi,2019.0,Petrol,Manual,52014.0,3.8,33905.0
Chevrolet,2017.0,Petrol,Manual,140150.0,4.8,23542.0
Audi,2011.0,Diesel,Automatic,55519.0,5.0,29334.0
BMW,2021.0,Petrol,Manual,9042.0,2.8,39248.0
Ford,2010.0,,Manual,54052.0,2.0,16603.0
BMW,,Petrol,Manual,19389.0,2.8,24638.0
Toyota,2010.0,Petrol,Manual,100961.0,4.4,
BMW,2010.0,Electric,Automatic,73111.0,1.8,28846.0
Toyota,2018.0,Petrol,Automatic,110058.0,4.8,28218.0
Toyota,2022.0,Hybrid,,98715.0,2.4,29831.0
Chevrolet,2023.0,Hybrid,Manual,55733.0,4.9,33185.0
Audi,2010.0,Diesel,Manual,39754.0,4.4,28527.0
,2022.0,Diesel,Manual,90886.0,4.2,39129.0
BMW,2013.0,Hybrid,Manual,94524.0,2.3,27779.0
Ford,2019.0,Petrol,Automatic,86006.0,1.0,19453.0
Toyota,2015.0,Petrol,Automatic,29704.0,2.5,26136.0
Audi,2016.0,Petrol,Automatic,99913.0,2.2,24764.0
Honda,2011.0,Electric,Automatic,99108.0,1.1,20151.0
Kia,2015.0,Petrol,Automatic,12493.0,3.0,23305.0
,2016.0,Diesel,Automatic,74639.0,2.6,21447.0
Mercedes,2019.0,Hybrid,Automatic,59383.0,3.5,45201.0
Hyundai,2023.0,Hybrid,Automatic,139066.0,3.5,29157.0
Chevrolet,2019.0,Diesel,Manual,52234.0,1.5,22708.0
Honda,2011.0,Petrol,Automatic,133674.0,4.9,18317.0
Kia,2011.0,Electric,Automatic,10594.0,1.7,19803.0
Honda,2019.0,Diesel,Automatic,12371.0,2.8,29685.0
BMW,2016.0,Petrol,Automatic,52315.0,3.0,29812.0
Toyota,2021.0,Petrol,Automatic,132251.0,4.3,27933.0
Mercedes,2010.0,Hybrid,,84526.0,1.4,23806.0
Nissan,2017.0,Diesel,Automatic,91005.0,2.7,22302.0
Toyota,2020.0,Electric,Manual,110573.0,3.5,27552.0
Nissan,2022.0,Hybrid,Manual,143202.0,1.9,22112.0
Kia,2012.0,Diesel,Manual,142900.0,3.5,13528.0
Audi,2020.0,Diesel,Automatic,62514.0,4.7,44581.0
Hyundai,2015.0,Diesel,Manual,80986.0,5.0,21858.0
Ford,2018.0,Petrol,Manual,90959.0,1.1,18990.0
Toyota,2015.0,Diesel,Automatic,7035.0,1.9,23924.0
Mercedes,2018.0,Electric,Manual,114767.0,2.2,39356.0
Honda,2016.0,Diesel,Automatic,22241.0,2.6,25185.0
Mercedes,2018.0,Hybrid,Automatic,57975.0,2.0,42922.0
Kia,2011.0,Diesel,Manual,61396.0,1.8,14382.0
Nissan,2021.0,Diesel,Automatic,123920.0,4.8,27004.0
Honda,2017.0,Diesel,Manual,149403.0,4.7,26544.0
Ford,2017.0,Diesel,Automatic,91226.0,1.2,20520.0
Ford,2011.0,Electric,Automatic,89719.0,2.4,18804.0
Toyota,2021.0,Petrol,Automatic,68014.0,2.6,30075.0
Kia,2023.0,Diesel,Automatic,44346.0,2.0,31087.0
Audi,2013.0,Petrol,Manual,75411.0,3.5,26094.0
Kia,2023.0,Petrol,Manual,148326.0,3.6,23292.0
Nissan,2020.0,Diesel,Automatic,81441.0,4.4,32073.0
Mercedes,2016.0,Diesel,Automatic,51121.0,4.0,40588.0
Ford,2020.0,Hybrid,Automatic,65197.0,3.2,32494.0
Mercedes,2013.0,Diesel,Automatic,89577.0,3.6,34729.0
Mercedes,2013.0,Electric,Automatic,99634.0,2.1,33184.0
Mercedes,2015.0,Diesel,Automatic,105211.0,3.4,37217.0
Ford,2019.0,Diesel,Manual,140909.0,,20318.0
Chevrolet,2015.0,Petrol,Automatic,148687.0,1.5,13306.0
,2019.0,Petrol,Automatic,6466.0,2.0,36448.0
Nissan,2012.0,Petrol,Manual,35771.0,2.2,17666.0
Chevrolet,2018.0,Diesel,Automatic,88886.0,4.7,24999.0
Nissan,2021.0,Petrol,Automatic,70911.0,1.9,26856.0
Honda,2019.0,Petrol,Automatic,93422.0,2.2,
,2023.0,Petrol,Manual,78369.0,2.5,25005.0
Kia,2020.0,Hybrid,Manual,6893.0,3.7,32637.0
Hyundai,2011.0,Petrol,Automatic,35573.0,1.5,15232.0
Kia,2015.0,Diesel,Automatic,101907.0,4.8,21249.0
Ford,2021.0,Petrol,Manual,104956.0,4.5,25793.0
Audi,2016.0,Diesel,Manual,123580.0,3.3,30952.0
Toyota,2021.0,Petrol,Automatic,96404.0,3.7,26810.0
Hyundai,2022.0,Petrol,Manual,62724.0,1.1,22504.0
Toyota,2018.0,Diesel,Automatic,91133.0,2.4,25585.0
Nissan,2022.0,Petrol,Automatic,20989.0,4.2,33480.0
Toyota,2012.0,Petrol,Manual,33931.0,1.3,15452.0
Toyota,2019.0,Petrol,Automatic,14290.0,2.1,28242.0
Hyundai,2012.0,Petrol,Manual,126136.0,3.3,14071.0
Honda,2016.0,Petrol,Manual,84878.0,2.0,21895.0
Mercedes,2023.0,Petrol,Automatic,95477.0,4.7,39907.0
Kia,2013.0,Electric,Automatic,131299.0,1.5,15354.0
Kia,2022.0,Diesel,Automatic,110686.0,4.2,28263.0
Ford,2017.0,Diesel,Automatic,112286.0,3.0,22476.0
Hyundai,2022.0,Petrol,Manual,45475.0,4.0,30828.0
Ford,2016.0,Hybrid,Manual,87666.0,2.2,20189.0
Audi,2014.0,Petrol,,101622.0,3.1,23670.0
Audi,2016.0,Petrol,Manual,140705.0,4.4,28985.0
Ford,2012.0,Diesel,Manual,112573.0,2.9,16280.0
Hyundai,2021.0,Petrol,Manual,51546.0,2.4,24905.0
Ford,2011.0,Petrol,Automatic,12008.0,3.1,19400.0
Kia,2015.0,Diesel,Automatic,53291.0,3.9,22496.0
Chevrolet,2011.0,Hybrid,Automatic,41386.0,2.8,18580.0
BMW,2012.0,Diesel,Automatic,95909.0,4.8,30112.0
Toyota,2015.0,Electric,Manual,38040.0,2.2,26319.0
BMW,2014.0,Hybrid,Manual,65354.0,2.9,34705.0
Hyundai,2017.0,Petrol,Automatic,83543.0,4.0,23180.0
BMW,2018.0,Petrol,Automatic,23157.0,3.8,36756.0
Audi,2020.0,Petrol,Manual,40315.0,4.5,34095.0
Nissan,2012.0,Diesel,Automatic,40932.0,5.0,24977.0
Toyota,2021.0,Diesel,Automatic,118880.0,2.7,25210.0
Mercedes,2019.0,Hybrid,Automatic,137018.0,1.4,38128.0
Hyundai,2012.0,Electric,Manual,19693.0,1.1,19618.0
Toyota,2012.0,Diesel,Automatic,32241.0,3.9,28017.0
BMW,2022.0,Petrol,Automatic,120194.0,4.5,41572.0
Audi,2022.0,Electric,Automatic,100790.0,1.9,39213.0
Honda,2015.0,Hybrid,Automatic,77255.0,1.6,23329.0
Chevrolet,2010.0,Electric,Automatic,16350.0,1.2,17811.0
Mercedes,2016.0,Petrol,Automatic,61809.0,4.3,36431.0
Chevrolet,2021.0,Diesel,Manual,106894.0,2.2,25264.0
Toyota,2010.0,Petrol,Automatic,102557.0,2.6,14401.0
Audi,2023.0,Petrol,Automatic,36728.0,3.0,42065.0
Audi,,Petrol,Automatic,22576.0,4.4,32649.0
BMW,2019.0,Diesel,Manual,88384.0,3.6,38113.0
Kia,2022.0,Diesel,Manual,5390.0,3.5,34028.0
BMW,2017.0,Petrol,Automatic,50436.0,1.7,32580.0
Kia,2013.0,Petrol,Automatic,16569.0,3.1,21661.0
Kia,2014.0,Diesel,Automatic,149101.0,3.9,18033.0
Mercedes,2013.0,Petrol,Automatic,27490.0,4.9,39083.0
BMW,2021.0,Petrol,Automatic,50875.0,1.8,38975.0
Honda,2021.0,Diesel,Automatic,10867.0,1.0,31420.0
Ford,2023.0,Electric,Automatic,85820.0,1.3,30462.0
Ford,2013.0,Petrol,Automatic,104515.0,2.5,17311.0
BMW,2021.0,Petrol,Automatic,14121.0,4.3,45491.0
BMW,2017.0,Petrol,Manual,6539.0,1.0,30296.0
Chevrolet,2011.0,Hybrid,Automatic,132402.0,2.8,17020.0
Mercedes,2010.0,Diesel,Automatic,79229.0,2.3,28409.0
BMW,2012.0,Diesel,Manual,144993.0,1.2,18855.0
Chevrolet,2018.0,Petrol,Manual,55435.0,2.8,
Kia,2013.0,Diesel,Manual,146382.0,2.0,12085.0
Audi,2019.0,Petrol,Manual,68965.0,2.4,28130.0
Audi,2014.0,Diesel,,116048.0,3.8,25537.0
Kia,2011.0,Hybrid,Automatic,101444.0,3.1,17370.0
Hyundai,2013.0,Diesel,Automatic,74922.0,1.5,15571.0
Chevrolet,2011.0,Hybrid,Automatic,102799.0,4.8,20677.0
Chevrolet,2011.0,Electric,Manual,98948.0,3.5,19718.0
Kia,2013.0,Petrol,Manual,148314.0,4.1,16595.0
Honda,2015.0,Hybrid,Automatic,13947.0,1.3,26927.0
Nissan,2016.0,Petrol,Manual,53785.0,1.2,20362.0
